insert into store.address (country, city, street, house, postcode) values
('Россия', 'Москва', 'Тверская', '10', 125009),
('Россия', 'Санкт-Петербург', 'Невский проспект', '28', 191186),
('Россия', 'Екатеринбург', 'Ленина', '54', 620075),
('Россия', 'Казань', 'Баумана', '36', 420111),
('Россия', 'Новосибирск', 'Красный проспект', '18', 630007),
('США', 'Нью-Йорк', '5th Avenue', '821', 10028),
('США', 'Лос-Анджелес', 'Hollywood Boulevard', '6801', 90028),
('Великобритания', 'Лондон', 'Oxford Street', '450', 34678),
('Франция', 'Париж', 'Champs-Élysées', '75', 75008),
('Германия', 'Берлин', 'Unter den Linden', '77', 10117),
('Япония', 'Токио', 'Ginza', '4-chome', 104-0061),
('Китай', 'Пекин', 'Wangfujing', '277', 100006),
('Италия', 'Рим', 'Via del Corso', '118', 00187),
('Испания', 'Мадрид', 'Gran Vía', '31', 28013),
('Канада', 'Торонто', 'Yonge Street', '7', 345578),
('Россия', 'Москва', 'Тверская', '114', 125009),
('Россия', 'Санкт-Петербург', 'Невский проспект', '35', 191186),
('Россия', 'Екатеринбург', 'Ленина', '102', 620075),
('Россия', 'Казань', 'Баумана', '34', 420111),
('Россия', 'Новосибирск', 'Красный проспект', '14', 630007),
('США', 'Нью-Йорк', '5th Avenue', '861', 10028),
('США', 'Лос-Анджелес', 'Hollywood Boulevard', '6804', 90028),
('Великобритания', 'Лондон', 'Oxford Street', '457', 34678),
('Франция', 'Париж', 'Champs-Élysées', '79', 75008),
('Германия', 'Берлин', 'Unter den Linden', '75', 10117),
('Япония', 'Токио', 'Ginza', '4-chome', 104-0061),
('Китай', 'Пекин', 'Wangfujing', '234', 100006),
('Италия', 'Рим', 'Via del Corso', '115', 00187),
('Испания', 'Мадрид', 'Gran Vía', '37', 28013),
('Канада', 'Торонто', 'Yonge Street', '4', 345578);

insert into store.publishing (publishing_name, address_id, publishing_email, publishing_phone) values
('Эксмо', 1, 'info@eksmo.ru', '+74954116886'),
('АСТ', 2, 'info@ast.ru', '+74957370505'),
('Питер', 3, 'info@piter.com', '+78127037373'),
('Манн, Иванов и Фербер', 4, 'support@m-i-f.ru', '+74957417070'),
('Альпина Паблишер', 5, 'info@alpinabook.ru', '+74959800640'),
('Penguin Random House', 6, 'enquiries@penguinrandomhouse.com', '+12127829000'),
('HarperCollins', 7, 'hcpress@harpercollins.com', '+12122077000'),
('Bloomsbury', 8, 'enquiries@bloomsbury.com', '+442076315600'),
('Gallimard', 9, 'service.clients@gallimard.fr', '+33149544200'),
('Suhrkamp Verlag', 10, 'info@suhrkamp.de', '+49307407450'),
('Kodansha', 11, 'info@kodansha.co.jp', '+81339451111'),
('China Publishing Group', 12, 'info@cnpubg.com', '+861064032625'),
('Mondadori', 13, 'info.mondadori@mondadori.it', '+390277331'),
('Planeta', 14, 'atencion.clientes@planeta.es', '+34934928000'),
('Penguin Random House Canada', 15, 'customerservice@penguinrandomhouse.ca', '+18885239292');

insert into store.books (title, publishing_id, genre, date_publishing) values
('Мастер и Маргарита', 1, 'Фантастика', '1967-01-01'),
('Преступление и наказание', 2, 'Драма', '1866-01-01'),
('Java. Полное руководство, 11-е издание', 3, 'Программирование', '2019-01-01'),
('Думай медленно… Решай быстро', 4, 'Психология', '2011-01-01'),
('Sapiens. Краткая история человечества', 5, 'История', '2011-01-01'),
('Убить пересмешника', 6, 'Классика', '1960-07-11'),
('1984', 7, 'Антиутопия', '1949-06-08'),
('Гарри Поттер и философский камень', 8, 'Фэнтези', '1997-06-26'),
('Маленький принц', 9, 'Фэнтези', '1943-04-06'),
('Превращение', 10, 'Абсурд', '1915-01-01'),
('Норвежский лес', 11, 'Современная проза', '1987-09-04'),
('Задача трёх тел', 12, 'Научная фантастика', '2008-01-01'),
('Имя розы', 13, 'Детектив', '1980-01-01'),
('Сто лет одиночества', 14, 'Магический реализм', '1967-05-30'),
('Рассказ служанки', 15, 'Антиутопия', '1985-01-01'),
('Маятник фуко', 2, 'Криптоистория', '1988-01-01'),
('Остров накануне', 2, 'Робинзонада', '1994-01-01'),
('Баудолино', 2, 'Роман', '2000-01-01'),
('Таинственное пламя царицы Лоаны', 2, 'Роман' ,'2004-01-01'),
('Парижское кладбище',2 ,'Роман' ,'2010-01-01'),
('Фунты лиха в Париже и Лондоне', 2,'Повесть' ,'1933-02-03'),
('Дни в Бирме',2 ,'Повесть' ,'1934-01-07'),
('Дочь священника', 2,'Роман' ,'1935-08-09'),
('Да здравствует фикус!', 2, 'Роман','1936-01-09'),
('Дорога на Уиган-Пирс', 2,'Повесть' ,'1937-01-05'),
('Глотнуть воздуха', 2,'Роман' ,'1939-02-03'),
('Скотный Двор', 2,'Притча' ,'1949-05-06'),
('Гарри Поттер и Тайная комната', 2, 'Фэнтези','1998-07-08'),
('Фантастические звери и места их обитания', 2,'Фэнтези' ,'2001-01-01'),
('Гарри Поттер и узник Азкабана', 2,'Фэнтези' ,'1999-03-04');



insert into store.author (author_name, author_last_name, author_email, author_phone, biography, birth_date) values
('Михаил', 'Булгаков', null, null, 'Русский писатель', '1891-05-15'),
('Федор', 'Достоевский', null, null, 'Русский писатель и философ', '1821-11-11'),
('Герберт', 'Шилдт', null, null, 'Американский программист', '1951-04-28'),
('Даниэль', 'Канеман', null, null, 'Израильско-американский психолог', '1934-03-05'),
('Юваль Ной', 'Харари', 'harari@example.com', '+972501234567', 'Израильский историк', '1976-02-24'),
('Харпер', 'Ли', null, null, 'Американский писатель', '1926-04-28'),
('Джордж', 'Оруэл', null, null, 'Англиский писатель', '1903-06-25'),
('Дж.К.', 'Роулинг', null, null, 'Британская писательница', '1965-07-31'),
('Антуан де', 'Сент-Экзюпери', null, null, 'Французкий писатель и журналист', '1900-06-29'),
('Франц', 'Кафка', null, null, 'Австрийский писатель', '1883-07-03'),
('Харуки', 'Мураками', null, null, 'Японский писатель', '1949-01-12'),
('Лю', 'Цысинь', null, null, 'Китайский писталь-фантаст', '1963-06-23'),
('Умберто', 'Эко', null, null, 'Итальянский философ', '1932-01-05'),
('Габриэль Гарсиа', 'Маркес', null, null, 'Писатель и прозаик', '1927-03-06'),
('Маргарет', 'Этвуд', null, null, 'Канадская писательница и поэтесса', '1939-11-18');

insert into store.book_author (author_id, book_id) values
(1, 1),
(2, 2),
(3, 3),
(4, 4),
(5, 5),
(6, 6),
(7, 7),
(8, 8),
(9, 9),
(10, 10),
(11, 11),
(12, 12),
(13, 13),
(14, 14),
(15, 15),
(13, 16),
(13, 17),
(13, 18),
(13, 19),
(13, 20),
(7, 21),
(7, 22),
(7, 23),
(7, 24),
(7, 25),
(7, 26),
(7, 27),
(8, 28),
(8, 29),
(8, 30);

insert into store.customers (customer_name, customer_last_name, customer_email, customer_phone) values
('Иван', 'Иванов', 'ivanov@example.com', '+79001112233'),
('Петр', 'Петров', 'petrov@example.com', '+79004445566'),
('Анна', 'Сидорова', 'sidorova@example.com', '+79007778899'),
('Елена', 'Смирнова', 'smirnova@example.com', '+79002223344'),
('Дмитрий', 'Кузнецов', 'kuznetsov@example.com', '+79005556677'),
('John', 'Smith', 'smith@example.com', '+15551112233'),
('Emily', 'Johnson', 'johnson@example.com', '+15554445566'),
('David', 'Brown', 'brown@example.com', '+15557778899'),
('Sophie', 'Martin', 'martin@example.com', '+33111222333'),
('Pierre', 'Dubois', 'dubois@example.com', '+33111444555'),
('Hans', 'Muller', 'muller@example.com', '+49222333444'),
('Anna', 'Schmidt', 'schmidt@example.com', '+49222666777'),
('田中', '健太', 'tanaka@example.com', '+81333444555'),
('李', '伟', 'li@example.com', '+861112223333'),
('Giuseppe', 'Rossi', 'rossi@example.com', '+394445556666');

insert into store.customer_history(customer_id, customer_name, customer_last_name, customer_email, customer_phone, date_register) values 
(1, 'Иван', 'Иванов', 'ivanov@mail.ru', '+79001112233', (select date_register from store.customers where customer_id = 1)),
(2, 'Петр', 'Петров', 'petrov@mail.ru', '+79004445566', (select date_register from store.customers where customer_id = 2)),
(3, 'Анна', 'Сидорова', 'sidorova@mail.ru', '+79007778899', (select date_register from store.customers where customer_id = 3)),
(4, 'Елена', 'Смирнова', 'smirnova@mail.ru', '+79002223344', (select date_register from store.customers where customer_id = 4)),
(5, 'Дмитрий', 'Кузнецов', 'kuznetsov@mail.ru', '+79005556677', (select date_register from store.customers where customer_id = 5)),
(6, 'Джон', 'Смит', 'smith@mail.ru', '+15551112233', (select date_register from store.customers where customer_id = 6)),
(7, 'Эмили', 'Джонс', 'johnson@mail.ru', '+15554445566', (select date_register from store.customers where customer_id = 7)),
(8, 'Дэвид', 'Браун', 'brown@mail.ru', '+15557778899', (select date_register from store.customers where customer_id = 8)),
(9, 'Софи', 'Мартин', 'martin@mail.ru', '+33111222333', (select date_register from store.customers where customer_id = 9)),
(10, 'Пьеро', 'Дубов', 'dubois@mail.ru', '+33111444555', (select date_register from store.customers where customer_id = 10)),
(11, 'Ханс', 'Мюллер', 'muller@mail.ru', '+49222333444', (select date_register from store.customers where customer_id = 11)),
(12, 'Анна', 'Шмидт', 'schmidt@mail.ru', '+49222666777', (select date_register from store.customers where customer_id = 12)),
(13, 'Танака', 'Ли', 'tanaka@mail.ru', '+81333444555', (select date_register from store.customers where customer_id = 13)),
(14, 'Ли', 'Винс', 'li@mail.ru', '+861112223333', (select date_register from store.customers where customer_id = 14)),
(15, 'Монто', 'Росси', 'rossi@mail.ru', '+394445556666', (select date_register from store.customers where customer_id = 15));

insert into store.customer_history(customer_id, customer_name, customer_last_name, customer_email, customer_phone, date_register) values 
(1, 'Иван', 'Иванов', 'ivanov@mail.ru', '+79034512233', (select date_register from store.customers where customer_id = 1)),
(2, 'Петр', 'Петров', 'petrov@mail.ru', '+2444445566', (select date_register from store.customers where customer_id = 2)),
(3, 'Анна', 'Сидорова', 'sidorova@mail.ru', '+4537778899', (select date_register from store.customers where customer_id = 3)),
(4, 'Елена', 'Смирнова', 'smirnova@mail.ru', '+1232223344', (select date_register from store.customers where customer_id = 4)),
(5, 'Дмитрий', 'Кузнецов', 'kuznetsov@mail.ru', '+13145556677', (select date_register from store.customers where customer_id = 5)),
(6, 'Джон', 'Смит', 'smith@mail.ru', '+13421112233', (select date_register from store.customers where customer_id = 6)),
(7, 'Эмили', 'Джонс', 'johnson@mail.ru', '+13454445566', (select date_register from store.customers where customer_id = 7)),
(8, 'Дэвид', 'Браун', 'brown@mail.ru', '+14567778899', (select date_register from store.customers where customer_id = 8)),
(9, 'Софи', 'Мартин', 'martin@mail.ru', '+567111222333', (select date_register from store.customers where customer_id = 9)),
(10, 'Пьеро', 'Дубов', 'dubois@mail.ru', '+5611444555', (select date_register from store.customers where customer_id = 10)),
(11, 'Ханс', 'Мюллер', 'muller@mail.ru', '+467822333444', (select date_register from store.customers where customer_id = 11)),
(12, 'Анна', 'Шмидт', 'schmidt@mail.ru', '+23422666777', (select date_register from store.customers where customer_id = 12)),
(13, 'Танака', 'Ли', 'tanaka@mail.ru', '+676533444555', (select date_register from store.customers where customer_id = 13)),
(14, 'Ли', 'Винс', 'li@mail.ru', '+865642223333', (select date_register from store.customers where customer_id = 14)),
(15, 'Монто', 'Росси', 'rossi@mail.ru', '+234445556666', (select date_register from store.customers where customer_id = 15));

insert into store.reviews (customer_id, book_id, rating, description, date_create) values
(1, 1, 5, 'Отличная книга!', '2023-10-26 10:00:00'),
(2, 2, 4, 'Интересно, но тяжело читать.', '2023-10-26 11:00:00'),
(3, 3, 5, 'Очень полезная книга для программистов.', '2023-10-26 12:00:00'),
(4, 4, 3, 'Не все понятно, но заставляет задуматься.', '2023-10-26 13:00:00'),
(5, 5, 5, 'Захватывающая история!', '2023-10-26 14:00:00'),
(6, 6, 5, 'Классика обязательная к прочтению.', '2023-10-26 15:00:00'),
(7, 7, 4, 'Застваляет задуматься.', '2023-10-26 16:00:00'),
(8, 8, 5, 'Рекомендовано к прочтению для людей всех возрастов', '2023-10-26 17:00:00'),
(9, 9, 5, 'Поэтично и прекрасно.', '2023-10-26 18:00:00'),
(10, 10, 3, 'Странная история.', '2023-10-26 19:00:00'),
(11, 11, 4, 'Меланхоличная новелла.', '2023-10-26 20:00:00'),
(12, 12, 5, 'Отличная книга!', '2023-10-26 21:00:00'),
(13, 13, 4, 'Автор как всегда поразил меня.', '2023-10-26 22:00:00'),
(14, 14, 5, 'Произведение искусства.', '2023-10-26 23:00:00'),
(15, 15, 4, 'Захватывающая история.', '2023-10-27 00:00:00');

insert into store.orders (customer_id, order_date, status) values
(1, '2023-10-25', 'Выполнен'),
(2, '2023-10-24', 'Передан в доставку'),
(3, '2023-10-23', 'Отменен'),
(4, '2023-10-22', 'Выполнен'),
(5, '2023-10-21', 'Передан в доставку'),
(6, '2023-10-20', 'Выполнен'),
(7, '2023-10-19', 'Передан в доставку'),
(8, '2023-10-18', 'Выполнен'),
(9, '2023-10-17', 'Отменен'),
(10, '2023-10-16', 'Выполнен'),
(11, '2023-10-15', 'Передан в доставку'),
(12, '2023-10-14', 'Выполнен'),
(13, '2023-10-13', 'Передан в доставку'),
(14, '2023-10-12', 'Выполнен'),
(15, '2023-10-11', 'Отменен');

insert into store.shipments (order_id, address_id, status, date_shipment, track_number) values
(1, 16, 'Доставлен', '2023-10-26 12:00:00', 123456789),
(2, 17, 'В пути', '2023-10-25 14:00:00', 987654321),
(4, 18, 'Доставлен', '2023-10-23 16:00:00', 111222333),
(5, 19, 'В пути', '2023-10-22 18:00:00', 444555666),
(6, 20, 'Доставлен', '2023-10-21 20:00:00', 777888999),
(7, 21, 'Отгружен со склада', '2023-10-20 22:00:00', 101010101),
(8, 22, 'Доставлен', '2023-10-19 00:00:00', 202020202),
(9, 23, 'Отменен', '2023-10-18 02:00:00', 303030303),
(10, 24, 'Доставлен', '2023-10-17 04:00:00', 404040404),
(11, 25, 'В пути', '2023-10-16 06:00:00', 505050505),
(12, 26, 'Доставлен', '2023-10-15 08:00:00', 606060606),
(13, 27, 'В пути', '2023-10-14 10:00:00', 707070707),
(14, 28, 'Доставлен', '2023-10-13 12:00:00', 808080808),
(15, 29, 'Отменен', '2023-10-12 14:00:00', 909090909),
(3, 30, 'Отменен', '2023-10-27 16:00:00', 121212121);

insert into store.detaile_orders (order_id, book_id, quantity, price) values
(1, 1, 1, 500.00),
(1, 3, 2, 750.50),
(2, 2, 1, 600.00),
(3, 4, 1, 800.00),  
(4, 5, 1, 900.00),
(5, 6, 2, 450.00),
(6, 7, 1, 550.00),
(7, 8, 3, 300.00),
(8, 9, 1, 700.00),
(9, 10, 1, 650.00),
(10, 11, 2, 400.00),
(11, 12, 1, 950.00),
(12, 13, 1, 850.00),
(13, 14, 2, 500.00),
(14, 15, 1, 700.00);